"1","4","Rabat","A E","M","2024","07","01","12345678","701","moroccan","Riad Essalam","Morocco","20800","0671642632","mtr@mtc.com"
"2","4","Rabat","A E","M","2024","07","01","12345678","701","moroccan","Riad Essalam","Morocco","20800","0671642632","mtr@mtc.com"
"3","4","Rabat","A E","M","2024","07","01","12345678","701","moroccan","Riad Essalam","Morocco","20800","0671642632","mtr@mtc.com"
"4","4","Rabat","A E","M","2024","07","01","12345678","701","moroccan","Riad Essalam","Morocco","20800","0671642632","mtr@mtc.com"
"5","4","Rabat","A E","M","2024","07","01","12345678","701","moroccan","Riad Essalam","Morocco","20800","0671642632","mtr@mtc.com"
"6","4","Rabat","A E","M","2024","07","01","12345678","701","moroccan","Riad Essalam","Morocco","20800","0671642632","mtr@mtc.com"
"7","4","Rabat","A E","M","2024","07","01","12345678","701","moroccan","Riad Essalam","Morocco","20800","0671642632","mtr@mtc.com"
"8","3","Rabat","KRIMO","M","2024","07","10","12345678","701","australian","ZERTYUI","Morocco","45678","0671623654","shab@shab.com"
"9","3","Rabat","KRIMO","M","2024","04","02","12345678","701","moroccan","ZERTYUI","Morocco","45678","0671623654","shab@shab.com"
"10","3","Rabat","MOHAMMED SHAB","M","2024","07","01","12345678","701","moroccan","Riad Essalam","Morocco","20800","0671642632","mtr@mtc.com"
